1,instagram/44503414_2175344049451849_5297687578786575110_n.jpg,https://www.instagram.com/p/BpyLf5egjhv/
2,instagram/43985631_1623733151266743_1125665603867861083_n.jpg,https://www.instagram.com/p/BpyVuFDFFeG/
3,instagram/43913476_350659242169320_5528038552378209267_n.jpg,https://www.instagram.com/p/BpxSRGeBi02/
4,instagram/44588923_2159068541033621_4884627276172444026_n.jpg,https://www.instagram.com/p/BpxDxk3hRXf/
5,instagram/44531725_1905945753046329_3134674324420276938_n.jpg,https://www.instagram.com/p/Bpw4-IUllJK/
6,instagram/43914051_561700280946407_8189259479343049408_n.jpg,https://www.instagram.com/p/Bpw6oA8FenH/
7,instagram/44600301_2778674115483499_8071687312765040441_n.jpg,https://www.instagram.com/p/BpwxLB6FpM6/
8,instagram/43985405_115304259386285_9181235417680592260_n.jpg,https://www.instagram.com/p/BpwohABHtr_/
9,instagram/43330877_295337014653682_3609423700244413033_n.jpg,https://www.instagram.com/p/BpwjeoKAP8o/
10,instagram/43913349_187116838834946_4296498147021409340_n.jpg,https://www.instagram.com/p/Bpwlk54gFgi/
