1,instagram/42792740_758668214514214_8488710841242131454_n.jpg,https://www.instagram.com/p/Bpy2QzwneXl/
2,instagram/44180376_915139095540675_626671717122627143_n.jpg,https://www.instagram.com/p/BpyyAwmHmOe/
3,instagram/41810033_115319159384288_2643293822355901830_n.jpg,https://www.instagram.com/p/BpxWZd5Aia8/
4,instagram/44199535_558872261214876_3304557662202063252_n.jpg,https://www.instagram.com/p/BpxWzaylG5_/
5,instagram/44741338_1940315056064398_2127210247450614743_n.jpg,https://www.instagram.com/p/BpxJi-KlcS_/
6,instagram/44818674_322258978601467_5726870778229857064_n.jpg,https://www.instagram.com/p/BpxKDQNne0v/
7,instagram/44295154_510902849391197_7005831892960577409_n.jpg,https://www.instagram.com/p/BpxBse7Hccc/
8,instagram/44403485_250092455659873_3080790574253341316_n.jpg,https://www.instagram.com/p/BpxB6HvB8IT/
9,instagram/43341548_2101086600203588_5662765803569648774_n.jpg,https://www.instagram.com/p/Bpw73KIF8bj/
10,instagram/43913312_284445768739759_594102959593112823_n.jpg,https://www.instagram.com/p/Bpwx7pYgWrk/
