1,instagram/43357485_1947430042217812_7839065826804387298_n.jpg,https://www.instagram.com/p/Bpxl1-8lCSk/
2,instagram/42947862_547641702373269_969464370126167830_n.jpg,https://www.instagram.com/p/BpysM4tD61-/
3,instagram/42394448_1103652246480534_7026542406661528791_n.jpg,https://www.instagram.com/p/BpxTkPEnRe8/
4,instagram/42926718_374329339974339_5290904541124045732_n.jpg,https://www.instagram.com/p/Bpw7VSIlvJs/
5,instagram/42711008_890925687771116_7552746757567650585_n.jpg,https://www.instagram.com/p/BpwvA-BgV8u/
6,instagram/44672745_939683882899464_8159619861425484_n.jpg,https://www.instagram.com/p/BpwsAIgn1Zu/
7,instagram/43914777_2165642823674529_8863703474450719376_n.jpg,https://www.instagram.com/p/Bpwh8Hpg2OY/
8,instagram/43984820_352625075473077_6341018596576738978_n.jpg,https://www.instagram.com/p/BpweEcTlUha/
9,instagram/44518846_2095085854136292_3381408356049424735_n.jpg,https://www.instagram.com/p/BpwV66rnUvt/
10,instagram/43913408_713319772367481_5444688429613909171_n.jpg,https://www.instagram.com/p/BpwYxZeHtOM/
