1,instagram/43914480_2197581703627325_8178614577616548647_n.jpg,https://www.instagram.com/p/BpyR4ZAHlor/
2,instagram/44770303_290176678498662_4720197201690811647_n.jpg,https://www.instagram.com/p/BpxK21sAC2F/
3,instagram/43638144_1787094718085353_4209935919897694417_n.jpg,https://www.instagram.com/p/BpwjQsEB-4D/
4,instagram/43147386_2130479793935263_5228951718904267738_n.jpg,https://www.instagram.com/p/BpwdKJxn_Bs/
5,instagram/43985243_557682021347817_3174742083348613380_n.jpg,https://www.instagram.com/p/BpwdlcmBe9y/
6,instagram/43913769_485845245254576_1661798597833020118_n.jpg,https://www.instagram.com/p/Bpvy3afhfuW/
7,instagram/43096015_1903699149750125_6938675389946486021_n.jpg,https://www.instagram.com/p/Bpv21f0AACL/
8,instagram/44293386_748642672151811_9159199333656311046_n.jpg,https://www.instagram.com/p/Bpus4RCAw22/
9,instagram/43984916_299769020634678_1391138967310907150_n.jpg,https://www.instagram.com/p/BpuxxBxnU5O/
10,instagram/44790573_2007646035988977_5456615315837838218_n.jpg,https://www.instagram.com/p/BpufhDWHBYs/
