1,instagram/43984836_281406499373095_3759869074565096535_n.jpg,https://www.instagram.com/p/BpyXiV9nphv/
2,instagram/44611498_2149836325270921_1631272457704835266_n.jpg,https://www.instagram.com/p/BpqcFIbHF4N/
3,instagram/44615394_1984007364999245_5425243740136968413_n.jpg,https://www.instagram.com/p/Bpvtq00nkf9/
4,instagram/42724625_2150304095297341_2567022777230970925_n.jpg,https://www.instagram.com/p/Bps2hTxHIJ7/
5,instagram/44387596_183540255910428_7895989084792302490_n.jpg,https://www.instagram.com/p/Bps249iFuZO/
6,instagram/43913096_214928632753286_5685276638103732224_n.jpg,https://www.instagram.com/p/BprBo8Hldvy/
7,instagram/42914143_1627379814028735_4292003889640299410_n.jpg,https://www.instagram.com/p/BpnRF5alTJf/?taken-at=176091
8,instagram/42471612_327950947985712_6451115652389567072_n.jpg,https://www.instagram.com/p/BpmuEWrBLc-/?taken-at=176091
9,instagram/43817758_194769184758735_1501305614196892325_n.jpg,https://www.instagram.com/p/BplIs1MH8KN/?taken-at=176091
10,instagram/43182902_2236887323262171_8232609411559787480_n.jpg,https://www.instagram.com/p/Bplgay-Hzui/?taken-at=176091
