1,instagram/43817742_260069588035044_1874369573762107453_n.jpg,https://www.instagram.com/p/Bpq_8ZDFfyP/
2,instagram/43628338_2218438658445456_8236622629682255992_n.jpg,https://www.instagram.com/p/BppX8TOFrFX/?taken-at=323339
3,instagram/44000244_255702975292181_4090126504778696249_n.jpg,https://www.instagram.com/p/BporFAXjDg-/?taken-at=323339
4,instagram/43820709_283132842310858_5999356698742211939_n.jpg,https://www.instagram.com/p/BpmgCahgI2e/?taken-at=323339
5,instagram/42851431_2303620772999264_2227550298345373971_n.jpg,https://www.instagram.com/p/BplYFL4gbfm/?taken-at=323339
6,instagram/43915218_601541596944587_2656419501623984768_n.jpg,https://www.instagram.com/p/BpisoUhHvQf/?taken-at=323339
7,instagram/42741537_308389343086977_2148180731260088444_n.jpg,https://www.instagram.com/p/Bphn0grn8oP/?taken-at=323339
8,instagram/43914228_754366658249350_3114835212665078363_n.jpg,https://www.instagram.com/p/BphrsK-Ac4e/?taken-at=323339
9,instagram/43766454_397170550818536_6383701020196088561_n.jpg,https://www.instagram.com/p/BpSJyuIB8o6/?taken-at=323339
10,instagram/43984992_1123645967793085_38973113752826532_n.jpg,https://www.instagram.com/p/BpR0Ng5Cu0J/?taken-at=323339
