1,instagram/43913931_311106872813367_69906949454468958_n.jpg,https://www.instagram.com/p/BpyMnnJnJfi/
2,instagram/44423276_1953283208082251_3732442314603760166_n.jpg,https://www.instagram.com/p/BpxVoaqg3C9/
3,instagram/43820710_320105428575468_1817727354701258022_n.jpg,https://www.instagram.com/p/BpxWaXkhIhs/
4,instagram/43986002_721447668221905_7886705474525567442_n.jpg,https://www.instagram.com/p/BpxEfoyhFU8/
5,instagram/44225594_343982706366252_4028967713425622241_n.jpg,https://www.instagram.com/p/Bpw66CQFAHm/
6,instagram/44855995_942934495915750_1412426214985453932_n.jpg,https://www.instagram.com/p/BpwrCxvn2oc/
7,instagram/43985095_329286491202341_8152492791377690624_n.jpg,https://www.instagram.com/p/BpwEEwTAM7F/
8,instagram/43915372_774829229518648_3254326630217403749_n.jpg,https://www.instagram.com/p/Bpuv8HpBa9V/
9,instagram/44237879_329559247776761_6866718353750797493_n.jpg,https://www.instagram.com/p/BpuJ9bmH7_Z/
10,instagram/44417965_2117092085218827_4988398093334990558_n.jpg,https://www.instagram.com/p/BpsyEvng40G/
