1,instagram/43915024_2324642004423728_6074131229783409685_n.jpg,https://www.instagram.com/p/BpxbZTKh-nJ/
2,instagram/44000216_2167663963554807_3672732378582881603_n.jpg,https://www.instagram.com/p/BpxSoySHEdK/
3,instagram/44424957_1050761785096642_5992134464105601344_n.jpg,https://www.instagram.com/p/BpxMFGwFVy1/
4,instagram/42925086_264040434307767_7446763524181767022_n.jpg,https://www.instagram.com/p/BpwtSYrn1v8/
5,instagram/44752231_443274582866123_4086515902041051182_n.jpg,https://www.instagram.com/p/Bpwjy6SAXQr/
6,instagram/43663846_1127300267425742_3453601198198052358_n.jpg,https://www.instagram.com/p/BpkCLkSFQ-J/
7,instagram/44199536_341639686611600_7863152479683968743_n.jpg,https://www.instagram.com/p/BpuMNiyniAM/
8,instagram/44924089_312855169545142_5783488429223026717_n.jpg,https://www.instagram.com/p/BpuOWwigYc4/
9,instagram/44547619_1983581681942171_2271088500821309047_n.jpg,https://www.instagram.com/p/BpuOpysAvSo/
10,instagram/43121434_930650440468699_3757691939756030579_n.jpg,https://www.instagram.com/p/Bpr0bOQFRMo/
