1,instagram/42721032_501248293707891_3499640784199290893_n.jpg,https://www.instagram.com/p/BpyMkwkn33g/
2,instagram/42144776_353811715185911_6836947908568297026_n.jpg,https://www.instagram.com/p/BpyamugAS6J/
3,instagram/44248990_767046696970338_663013349263067655_n.jpg,https://www.instagram.com/p/BpxIc0BHlHy/
4,instagram/43985643_344132602810259_4936654969231207693_n.jpg,https://www.instagram.com/p/Bpw2PekBpvm/
5,instagram/44199523_1965323183585846_6403953643182183023_n.jpg,https://www.instagram.com/p/BpwzhT2FUu3/
6,instagram/43985786_993987080788629_6105392633389495250_n.jpg,https://www.instagram.com/p/Bpw0aEvnzn8/
7,instagram/43282617_2192541301029084_4294998948143955889_n.jpg,https://www.instagram.com/p/BpuvrsMgziw/
8,instagram/43914382_1057535057761171_7952952980891029416_n.jpg,https://www.instagram.com/p/BpumY_eg85G/
9,instagram/44707916_307232670005008_4693771280970187803_n.jpg,https://www.instagram.com/p/Bpujo4jHPTr/
10,instagram/42420044_497066307472517_8303678842167958201_n.jpg,https://www.instagram.com/p/Bpub2prl-uw/
