1,instagram/43915203_755803058102947_3253190692218098298_n.jpg,https://www.instagram.com/p/Bpxw7eJl78M/
2,instagram/44212179_327503441383186_7307453497528836706_n.jpg,https://www.instagram.com/p/Bpygt6dl2eh/
3,instagram/42760740_370226336878443_6067399824030787500_n.jpg,https://www.instagram.com/p/BpxYHZGhfHO/
4,instagram/44342753_494774554360328_5625022541145177655_n.jpg,https://www.instagram.com/p/BpxUEPpHTqE/
5,instagram/43913739_124545048533192_6033956817790580216_n.jpg,https://www.instagram.com/p/BpxNj7oFRbU/
6,instagram/43817765_718126825240149_4014559622957367296_n.jpg,https://www.instagram.com/p/BpxDxTEl7bk/
7,instagram/44833527_1965936670169774_756012948789467259_n.jpg,https://www.instagram.com/p/BpxFSFilYkd/
8,instagram/42591445_254022881929031_3484046378208035797_n.jpg,https://www.instagram.com/p/Bpw1St4HP58/
9,instagram/43914814_301847670424713_4562314276300853072_n.jpg,https://www.instagram.com/p/BpsQPCzAm4F/
10,instagram/44000163_251809718842273_1760810717293708656_n.jpg,https://www.instagram.com/p/Bpww9WWBHYC/
