1,instagram/44676005_311404336351932_8392810203757438483_n.jpg,https://www.instagram.com/p/Bpy1Jl3js_n/
2,instagram/42068985_2093545060696454_1839786891731192864_n.jpg,https://www.instagram.com/p/BpxmiKhhlR7/
3,instagram/43914543_321495718677741_598265607388743715_n.jpg,https://www.instagram.com/p/BpxofAIlrWm/
4,instagram/43915221_188784642032653_4577388859152545686_n.jpg,https://www.instagram.com/p/BpysfRyl041/
5,instagram/44284867_310812196176949_3666475510157673981_n.jpg,https://www.instagram.com/p/BpyvLFVnHFt/
6,instagram/44293388_1893901317312595_8915298456512873989_n.jpg,https://www.instagram.com/p/BpxVioLH2NR/
7,instagram/43915413_311191949701935_6920671006642427165_n.jpg,https://www.instagram.com/p/BpxW8QZArqI/
8,instagram/43984532_258761301409563_3323959404178786167_n.jpg,https://www.instagram.com/p/BpwTd-DHJPZ/
9,instagram/43695408_262028204668661_6308580048024074485_n.jpg,https://www.instagram.com/p/Bpv41tAnXFx/
10,instagram/43984285_2370280182996390_9138528904731769070_n.jpg,https://www.instagram.com/p/BpuxedYg3wb/
