1,instagram/44276105_1884465738315845_3347343683486389987_n.jpg,https://www.instagram.com/p/BpyVbmtBiBR/
2,instagram/43984947_2103987416319462_4392198208894716247_n.jpg,https://www.instagram.com/p/BpxNZJ8B2hz/
3,instagram/42979747_319322695562722_9047101293319891608_n.jpg,https://www.instagram.com/p/BpxOvEuBpXE/
4,instagram/44659461_198152141079132_4015998463461890636_n.jpg,https://www.instagram.com/p/BpuqJeCAoPH/
5,instagram/43696036_922424127968379_7147632644469273298_n.jpg,https://www.instagram.com/p/Bpt4Q8_lfxN/
6,instagram/42437697_550395622050377_1098763575646936000_n.jpg,https://www.instagram.com/p/Bpr9A56FZkB/
7,instagram/43709206_348718352556219_7098980740291219930_n.jpg,https://www.instagram.com/p/BpqeMbCFZyR/
8,instagram/44899833_301687557114317_5908345655931174912_n.jpg,https://www.instagram.com/p/Bppfm4HAz5h/?taken-at=35763
9,instagram/43064784_202935080600449_8245170801528961877_n.jpg,https://www.instagram.com/p/BpjYnd-FPVe/?taken-at=35763
10,instagram/43984811_316786328913797_5218606301105777376_n.jpg,https://www.instagram.com/p/BphbZregksd/?taken-at=35763
