1,instagram/43915269_179794499623320_1510214858205243153_n.jpg,https://www.instagram.com/p/Bpy14uzjnBV/
2,instagram/43984618_715410515494452_5373505322950479446_n.jpg,https://www.instagram.com/p/BpxWsyfhNKM/
3,instagram/42838517_543470369412457_3299090425461933138_n.jpg,https://www.instagram.com/p/Bpw4xs1AqSe/
4,instagram/43817763_2204064449807188_8762085461602790956_n.jpg,https://www.instagram.com/p/BpwjnKbA4fD/
5,instagram/42426621_139446540361809_1191949230563591476_n.jpg,https://www.instagram.com/p/Bpwl3Hdnqij/
6,instagram/44292632_2138730279699762_3255775090954683447_n.jpg,https://www.instagram.com/p/Bpua6zfAxiV/
7,instagram/44485522_329491494302139_3695483438779702322_n.jpg,https://www.instagram.com/p/BpubOlCB5Zz/
8,instagram/44249488_181703306100517_6486948432501764969_n.jpg,https://www.instagram.com/p/BpuV_yyFz-N/
9,instagram/44186649_260211591363795_5030284624687308145_n.jpg,https://www.instagram.com/p/Bpt0ynIl8Xu/
10,instagram/43779185_2224335424514938_9087900680915517440_n.jpg,https://www.instagram.com/p/BpttOEhlVbQ/
