1,instagram/44634206_297654681074574_8862699332306687950_n.jpg,https://www.instagram.com/p/BptxIeDj0hN/
2,instagram/44254451_1096426287205226_7707972930849819624_n.jpg,https://www.instagram.com/p/BprOU57h_o8/
3,instagram/43322031_257271251643531_4202652010285458111_n.jpg,https://www.instagram.com/p/BprG8ODjftj/
4,instagram/43914365_2361756273840164_6949305111252303872_n.jpg,https://www.instagram.com/p/BppbSMTlPsy/?taken-at=683630
5,instagram/43913663_2188783394710756_1989052493474781041_n.jpg,https://www.instagram.com/p/BppD0KPDo97/?taken-at=683630
6,instagram/43818125_487338785085161_8052926533338451198_n.jpg,https://www.instagram.com/p/BphOxa6FB8A/?taken-at=683630
7,instagram/43665133_2241955919464040_37580550812664581_n.jpg,https://www.instagram.com/p/BpgxZAVBi6y/?taken-at=683630
8,instagram/43445451_276925139605976_6017884260086858893_n.jpg,https://www.instagram.com/p/Bpej1VlBb-B/?taken-at=683630
9,instagram/43913027_748997882105704_3376896065811187229_n.jpg,https://www.instagram.com/p/BpebMyYlXMN/?taken-at=683630
10,instagram/44241801_254637592065611_496686827272876049_n.jpg,https://www.instagram.com/p/BpeemEbFrBa/?taken-at=683630
