1,instagram/44724518_260133954647993_3617762151582788221_n.jpg,https://www.instagram.com/p/BpwNezqhfh8/
2,instagram/43913482_565165047276097_7327075389468599765_n.jpg,https://www.instagram.com/p/BpuemLYnnoE/
3,instagram/44599560_393777957826791_7961057561047175049_n.jpg,https://www.instagram.com/p/BptLGH5Dmb3/
4,instagram/43985609_340012273430572_3225337429086720704_n.jpg,https://www.instagram.com/p/BpkLZmVhu2j/?taken-at=2999512
5,instagram/43767628_124087298577317_1933715049377956461_n.jpg,https://www.instagram.com/p/Bpj9J2agHHq/?taken-at=2999512
6,instagram/43985510_491324234702097_3622030903111223957_n.jpg,https://www.instagram.com/p/BpizvA3Bs8F/?taken-at=2999512
7,instagram/43779027_343319586452195_2467702783963547706_n.jpg,https://www.instagram.com/p/BphxA1pBrIx/?taken-at=2999512
8,instagram/43778934_1751622074964452_737928717547705148_n.jpg,https://www.instagram.com/p/BpgUe54HikW/?taken-at=2999512
9,instagram/43598572_331882904060828_3148834923495260598_n.jpg,https://www.instagram.com/p/BpfQfSAB1QB/?taken-at=2999512
10,instagram/44284876_355880968292021_9163153842704013387_n.jpg,https://www.instagram.com/p/BpcXOq5n9oD/?taken-at=2999512
