1,instagram/44800584_1915222775451365_3353395027777039406_n.jpg,https://www.instagram.com/p/BpxJGm-Fpay/
2,instagram/43818223_2172001339790291_3528802088742050872_n.jpg,https://www.instagram.com/p/Bpwz_ybhuGv/
3,instagram/42988544_519137861925816_6970186210889326341_n.jpg,https://www.instagram.com/p/BpuxEOtFJyp/
4,instagram/43817779_358279384914199_6242955263477254772_n.jpg,https://www.instagram.com/p/Bpuqr-sA_XY/
5,instagram/43913391_189551155290462_7649594427448481087_n.jpg,https://www.instagram.com/p/Bpub1ziHLcr/
6,instagram/43265670_1918934801555293_8129006172214713958_n.jpg,https://www.instagram.com/p/BpuWAqXHEb4/
7,instagram/43985538_2264276987185879_2733298962279421120_n.jpg,https://www.instagram.com/p/BptxtFMALru/
8,instagram/44205734_285619358728731_8221411472115979107_n.jpg,https://www.instagram.com/p/Bprq_AjFrHf/
9,instagram/43984806_289151958370258_1254167304722906707_n.jpg,https://www.instagram.com/p/BprG9rGF7RN/
10,instagram/44482887_173048336971460_5982241727948537672_n.jpg,https://www.instagram.com/p/BprEU6NgL_6/
