1,instagram/43913113_2061537354158920_3367769507526318773_n.jpg,https://www.instagram.com/p/BpxEy3vAx4F/
2,instagram/42989413_250427865630218_3223693444619782163_n.jpg,https://www.instagram.com/p/BpwZn0jg5VQ/
3,instagram/44767105_697487010638325_6878069199031743619_n.jpg,https://www.instagram.com/p/BpuSPyMFGfR/
4,instagram/43560537_2268915773377678_166012954909740364_n.jpg,https://www.instagram.com/p/Bpt4mlnl8F_/
5,instagram/44660227_187231002197778_98786423379375707_n.jpg,https://www.instagram.com/p/BpsvslgFmeP/
6,instagram/44208533_530509237462528_3566896243824668847_n.jpg,https://www.instagram.com/p/Bpr-kIRngjI/
7,instagram/42860744_102850800677529_2936587415575472749_n.jpg,https://www.instagram.com/p/Bprly9IgLfg/
8,instagram/43984795_2085361618444477_3223555281159693745_n.jpg,https://www.instagram.com/p/Bpo_-A8hJJ3/?taken-at=573169613
9,instagram/44377318_2002934199764990_6658812932687052430_n.jpg,https://www.instagram.com/p/Bpj4T-Xgh7A/?taken-at=573169613
10,instagram/43984710_287356895438680_4593801179918224234_n.jpg,https://www.instagram.com/p/BpjyosZAgbS/?taken-at=573169613
