1,instagram/42947557_771532253191988_2175926103036153830_n.jpg,https://www.instagram.com/p/BpxUisIHx7C/
2,instagram/42650553_160816448200837_6328038996738819460_n.jpg,https://www.instagram.com/p/Bo5Y0ahAH00/?taken-at=35763
3,instagram/42710158_198691687696408_5337499590152506993_n.jpg,https://www.instagram.com/p/BoxymBhFiRW/?taken-at=35763
4,instagram/42437536_1058697794311939_1677739507938794128_n.jpg,https://www.instagram.com/p/Bol5l40i5mM/?taken-at=35763
5,instagram/42078461_716047108748945_6920899373761698627_n.jpg,https://www.instagram.com/p/BokLTCWgKSr/?taken-at=35763
6,instagram/42068612_546495519128097_1260844855877746434_n.jpg,https://www.instagram.com/p/BoeEe2zlIOv/?taken-at=35763
7,instagram/40760719_256905264969705_6269899855494119424_n.jpg,https://www.instagram.com/p/BnzCO_SF8E1/?taken-at=35763
8,instagram/40311717_1886627678084963_8954506807071807929_n.jpg,https://www.instagram.com/p/Bnnzb1zgj-w/?taken-at=35763
9,instagram/40264245_2129296713992331_3925041569349128976_n.jpg,https://www.instagram.com/p/BneZC73lW6h/?taken-at=35763
10,instagram/39917664_1245304462279043_1413087444640995677_n.jpg,https://www.instagram.com/p/BnaMrNVlvil/?taken-at=35763
