1,instagram/42939231_275143113050154_4910819096036231057_n.jpg,https://www.instagram.com/p/BpyRUsIB3Q_/
2,instagram/44268193_277873796115352_4269857063780174566_n.jpg,https://www.instagram.com/p/BpxI6cKlH2Y/
3,instagram/43779520_317976708992942_7149292925611629389_n.jpg,https://www.instagram.com/p/Bpr1kipnYed/
4,instagram/44195519_248956702438838_6675220204630293610_n.jpg,https://www.instagram.com/p/BprgyrQgoS4/
5,instagram/43334596_173197606956115_1557307337533025519_n.jpg,https://www.instagram.com/p/BpoJBQSFVwl/?taken-at=35763
6,instagram/44349434_2172585562980257_7076303406843366616_n.jpg,https://www.instagram.com/p/BpmqP5Lg3IY/?taken-at=35763
7,instagram/43913668_511177756028561_6787406080005766001_n.jpg,https://www.instagram.com/p/BplOxUXhny1/?taken-at=35763
8,instagram/43913311_288308801792372_6397020273606624726_n.jpg,https://www.instagram.com/p/BpipdjnAKN6/?taken-at=35763
9,instagram/43778875_2242610892664087_4484811936014738129_n.jpg,https://www.instagram.com/p/BphWTTWHl2c/?taken-at=35763
10,instagram/43816402_322148228586136_3801832435770473186_n.jpg,https://www.instagram.com/p/BpfPhnjg446/?taken-at=35763
