1,instagram/44836728_605112439921304_313965528131567616_n.jpg,https://www.instagram.com/p/Bpwim5hjkNf/
2,instagram/44342749_1903735346410150_6841670029581897006_n.jpg,https://www.instagram.com/p/BpwUa-xnbzX/
3,instagram/44753284_549589878796196_7438705921547221392_n.jpg,https://www.instagram.com/p/BpsHBP6g1vi/
4,instagram/43985493_513368332497626_7261662118246442593_n.jpg,https://www.instagram.com/p/BprYGMKhrWF/
5,instagram/44509957_344203742996291_4364718007268671488_n.jpg,https://www.instagram.com/p/BpouCytBDtO/?taken-at=212914441
6,instagram/44348160_2030290520596387_230339496636003867_n.jpg,https://www.instagram.com/p/BpoqHPPFECN/?taken-at=212914441
7,instagram/43985208_1944252259213571_1672179363885262633_n.jpg,https://www.instagram.com/p/Bpm4wPRjKnV/?taken-at=212914441
8,instagram/44831398_130516034594864_8538820426789350311_n.jpg,https://www.instagram.com/p/BplrT4MFBKx/?taken-at=212914441
9,instagram/43985864_302066233715576_1620093379962660954_n.jpg,https://www.instagram.com/p/BpefYwgAnWx/?taken-at=212914441
10,instagram/43515845_2126839447576107_8031058884167000009_n.jpg,https://www.instagram.com/p/BpWVw_BnPSg/?taken-at=212914441
