1,instagram/42860004_1969994806377364_8865850120325206158_n.jpg,https://www.instagram.com/p/BpxhpXFnSgh/
2,instagram/44220445_1928396750582871_4444952411470133589_n.jpg,https://www.instagram.com/p/Bpxh5UyFs8X/
3,instagram/43817932_344405012993380_316595273493468377_n.jpg,https://www.instagram.com/p/BpyaQgll4_-/
4,instagram/44396992_1478350882267772_2002418903025726074_n.jpg,https://www.instagram.com/p/BpygewfgJl-/
5,instagram/43705875_2184786898426409_3708619871355465572_n.jpg,https://www.instagram.com/p/BpxSbuhnHRR/
6,instagram/44000089_259914368057937_2893001137528592286_n.jpg,https://www.instagram.com/p/BpxLDoinhPz/
7,instagram/44335470_1049688851875540_851213297341064546_n.jpg,https://www.instagram.com/p/BpxF2K6F3e5/
8,instagram/42963931_2214364838810094_9146883994504644170_n.jpg,https://www.instagram.com/p/BpxIGH9huIg/
9,instagram/43625946_2173491202917951_1098335411911475784_n.jpg,https://www.instagram.com/p/Bpw9GVCgxwb/
10,instagram/44458961_341750423271322_1651085657006385551_n.jpg,https://www.instagram.com/p/BpxBESalrO7/
