1,instagram/42308238_801296730201542_3021316376736705826_n.jpg,https://www.instagram.com/p/BowuLByAGvd/?taken-at=2999512
2,instagram/41757768_317565975466016_3643182574805962643_n.jpg,https://www.instagram.com/p/Bowv6rmFeTI/?taken-at=2999512
3,instagram/42918495_577001516067957_5574157285427762226_n.jpg,https://www.instagram.com/p/BowV0GvA7Vo/?taken-at=2999512
4,instagram/42869643_341991726373032_7788220526755787034_n.jpg,https://www.instagram.com/p/BouhJ9gHSbg/?taken-at=2999512
5,instagram/42570245_294114598088281_1550432319860101914_n.jpg,https://www.instagram.com/p/BotZzhDnUBW/?taken-at=2999512
6,instagram/42002988_547967442329207_4532019626817273498_n.jpg,https://www.instagram.com/p/BorLCrRBdE3/?taken-at=2999512
7,instagram/42663924_935266993329700_708383683958502877_n.jpg,https://www.instagram.com/p/BopTtl2BrNI/?taken-at=2999512
8,instagram/42357569_552946381825086_8612408143440066702_n.jpg,https://www.instagram.com/p/BopGChthKf3/?taken-at=2999512
9,instagram/42078404_2126573760888801_2122616202509060344_n.jpg,https://www.instagram.com/p/Boo7wpxl61u/?taken-at=2999512
10,instagram/42655768_1927305087376975_2939891873529022141_n.jpg,https://www.instagram.com/p/BooVFMhAKgv/?taken-at=2999512
