1,instagram/42538519_123589708631118_6441206779102181240_n.jpg,https://www.instagram.com/p/BpyF74nHSRl/
2,instagram/44559293_329553731168519_6701878797488929618_n.jpg,https://www.instagram.com/p/Bpw0i5CAoKL/
3,instagram/43984729_143143873322923_1618719132190505336_n.jpg,https://www.instagram.com/p/BppZ7qSgUBW/?taken-at=35763
4,instagram/43608722_437697193423153_3090565299557439425_n.jpg,https://www.instagram.com/p/Bpo-5ZSDabB/?taken-at=35763
5,instagram/43915459_250077342344408_3372553691594612494_n.jpg,https://www.instagram.com/p/BpoWPH4ht-J/?taken-at=35763
6,instagram/44319681_247707345918809_6943767305817540744_n.jpg,https://www.instagram.com/p/BpmkoBZnqH5/?taken-at=35763
7,instagram/43914307_1828196693945002_288705632704486995_n.jpg,https://www.instagram.com/p/Bpj6ckLg9ml/?taken-at=35763
8,instagram/44822347_1043245255847229_7533626966015380091_n.jpg,https://www.instagram.com/p/BpjpgL4nnv9/?taken-at=35763
9,instagram/43647414_247977642552107_7901611369119606005_n.jpg,https://www.instagram.com/p/BpjYQyelsgs/?taken-at=35763
10,instagram/43818023_127243481492490_545202883687689485_n.jpg,https://www.instagram.com/p/Bph40_6n2Cl/?taken-at=35763
