1,instagram/44237881_325495104901111_2629914514726344583_n.jpg,https://www.instagram.com/p/Bpwak1yhJHw/
2,instagram/44454522_247111355982704_4835295511690810468_n.jpg,https://www.instagram.com/p/Bpu3N7gnMOS/
3,instagram/43768646_282464132386510_5896979254636353970_n.jpg,https://www.instagram.com/p/BptmXveA2vC/
4,instagram/44785389_410196422851210_3664041233133984941_n.jpg,https://www.instagram.com/p/BpkEG-qHmMA/?taken-at=116127
5,instagram/43913223_2003609279930703_765672860804564009_n.jpg,https://www.instagram.com/p/BphCYwJHgBz/?taken-at=116127
6,instagram/43320419_2236934513255791_7841840160346323100_n.jpg,https://www.instagram.com/p/BpfWipSllR2/?taken-at=116127
7,instagram/42775781_774954576179662_7179514044354378908_n.jpg,https://www.instagram.com/p/BpbPUjfBKGC/?taken-at=116127
8,instagram/43598558_548623892250182_6941978119963318402_n.jpg,https://www.instagram.com/p/BpUU-BRgCJY/?taken-at=116127
9,instagram/43820624_2258989221054731_5959199529803509227_n.jpg,https://www.instagram.com/p/BpM0jcKDV-1/?taken-at=116127
10,instagram/43282606_753882941617199_2402697222794843708_n.jpg,https://www.instagram.com/p/BpJlJzsBxCV/?taken-at=116127
