1,instagram/44466974_544940695953743_769485718488222417_n.jpg,https://www.instagram.com/p/Bpw-l_WlE2Q/
2,instagram/43915001_2126900867625681_1793251815844848290_n.jpg,https://www.instagram.com/p/BpwFWAQnq0R/
3,instagram/44511550_2263803837267161_7827227775216525199_n.jpg,https://www.instagram.com/p/BpredD7Asxk/
4,instagram/44673030_571019026687037_3489530373890214882_n.jpg,https://www.instagram.com/p/Bpk5z5qB4Xr/?taken-at=189214
5,instagram/43779214_802543130097319_8571973606986945276_n.jpg,https://www.instagram.com/p/Bpfjegpi12K/?taken-at=189214
6,instagram/44513611_247724029250059_4115716432051420756_n.jpg,https://www.instagram.com/p/BpWm7qDiXVZ/?taken-at=189214
7,instagram/43984431_301393893786629_743922346724178331_n.jpg,https://www.instagram.com/p/BpMjgc1hTlE/?taken-at=189214
8,instagram/43219987_1581152155320079_5009075488329124958_n.jpg,https://www.instagram.com/p/BpTR1b3hoRv/?taken-at=189214
9,instagram/43119099_161826384769545_6703433650122072783_n.jpg,https://www.instagram.com/p/BpRdUC4HhZw/?taken-at=189214
10,instagram/43984431_301393893786629_743922346724178331_n.jpg,https://www.instagram.com/p/BpMjgc1hTlE/?taken-at=189214
