1,instagram/43732018_1186209644850932_4656418322756406133_n.jpg,https://www.instagram.com/p/BpyVkmZl1Xd/
2,instagram/44342750_329002657679420_6403213402653875404_n.jpg,https://www.instagram.com/p/BpxLzIBFNew/
3,instagram/44615406_1081570818691145_3791003775852371909_n.jpg,https://www.instagram.com/p/BpxCnovHEux/
4,instagram/43986063_195403624681374_6571620637086795768_n.jpg,https://www.instagram.com/p/BpuwRhOBnqf/
5,instagram/44504740_282568355718903_2690790785678933071_n.jpg,https://www.instagram.com/p/BpulRVegKh6/
6,instagram/43914578_443924346136649_7416037599400113306_n.jpg,https://www.instagram.com/p/Bpr33vjn2Ol/
7,instagram/43093962_962429357287038_2683409712012362875_n.jpg,https://www.instagram.com/p/BprdDIGFYZu/
8,instagram/43913368_151486009142033_5675470046315346927_n.jpg,https://www.instagram.com/p/BpphqizAWbI/?taken-at=2999512
9,instagram/43985680_675648266168315_3673748911470732306_n.jpg,https://www.instagram.com/p/BppmSJ7gE4b/?taken-at=2999512
10,instagram/43746307_293666967910204_6938340597994638002_n.jpg,https://www.instagram.com/p/BppSbe3lP7y/?taken-at=2999512
