1,instagram/43817697_582240235568468_7036094381934462646_n.jpg,https://www.instagram.com/p/BpyQmxeB3K1/
2,instagram/44350275_489325084809680_195550215910114819_n.jpg,https://www.instagram.com/p/Bpyp8GaBhF5/
3,instagram/42905988_491627354676862_1831289009518413994_n.jpg,https://www.instagram.com/p/BpxOlp1AwRj/
4,instagram/44277884_712569332445843_1566010000843153224_n.jpg,https://www.instagram.com/p/BpxPVNQByj8/
5,instagram/44580647_1742207979223670_930761350942920630_n.jpg,https://www.instagram.com/p/BpxQr6IgY2C/
6,instagram/43984340_2192356327463533_4390253991460754311_n.jpg,https://www.instagram.com/p/BpxAUyvFyw6/
7,instagram/44329314_123282551995251_8378822357144404250_n.jpg,https://www.instagram.com/p/Bpw5y1nggYV/
8,instagram/44238936_2203646913294216_1427970000084007888_n.jpg,https://www.instagram.com/p/BpwvjzABS5G/
9,instagram/43057023_1929235427161213_2625299818964776192_n.jpg,https://www.instagram.com/p/Bpw0d3klEjw/
10,instagram/42002647_1964330826946170_6343825572190600804_n.jpg,https://www.instagram.com/p/BpwcUpOAt8Q/
