1,instagram/44366446_2350577351636488_950589023262056260_n.jpg,https://www.instagram.com/p/Bpy06jilwBU/
2,instagram/43914954_1175215472630036_1678759229925033713_n.jpg,https://www.instagram.com/p/BpxdDGAn_uT/
3,instagram/43478260_183089279242040_741233191179780096_n.jpg,https://www.instagram.com/p/BpxvBLNhEog/
4,instagram/43465070_563084137457340_1984511400573751344_n.jpg,https://www.instagram.com/p/BpmTADcB6o4/
5,instagram/44324736_294100674545114_5721916734516141596_n.jpg,https://www.instagram.com/p/BpwoTVyg7bd/
6,instagram/44202712_1775038145957404_7964754508998128145_n.jpg,https://www.instagram.com/p/BpwpHe8gu9b/
7,instagram/43915264_324580228322101_7061486816264302264_n.jpg,https://www.instagram.com/p/BpwXH6Ngc3g/
8,instagram/44262441_988873734631327_3624835326300927027_n.jpg,https://www.instagram.com/p/Bpu505whNL9/
9,instagram/43913887_1024665007715803_9103879466765355297_n.jpg,https://www.instagram.com/p/BpvFrtjBeAB/
10,instagram/44612335_1975385522542015_7701837964278614913_n.jpg,https://www.instagram.com/p/BpwJqMBnuzb/
