1,instagram/43915079_2174980792723191_4086432206367952352_n.jpg,https://www.instagram.com/p/BpuzTrMBq_U/
2,instagram/43913117_583246058799241_63467125364274032_n.jpg,https://www.instagram.com/p/BpuaGhpH2cs/
3,instagram/43913705_571520266620625_8412665063188479441_n.jpg,https://www.instagram.com/p/BpuObDyFrYN/
4,instagram/43914183_1972683653035594_6503661812778723608_n.jpg,https://www.instagram.com/p/BpuAY7IFOTD/
5,instagram/43057012_817649121758350_3136734147207346304_n.jpg,https://www.instagram.com/p/Bpr6XW5gOFQ/
6,instagram/44884476_493797111109256_5468178903096593704_n.jpg,https://www.instagram.com/p/BprxCQJFpUb/
7,instagram/43732664_116379535926558_4304792228189133405_n.jpg,https://www.instagram.com/p/Bpo582nD2NY/?taken-at=212914441
8,instagram/43817572_276038056356724_7389830146215950760_n.jpg,https://www.instagram.com/p/BpmsvV5lL62/?taken-at=212914441
9,instagram/43507967_188250345418282_3717529013512631962_n.jpg,https://www.instagram.com/p/BpmoSGLFHaj/?taken-at=212914441
10,instagram/43778548_2257042514578758_2897133268430889264_n.jpg,https://www.instagram.com/p/BpixtSSnAk4/?taken-at=212914441
