1,instagram/44419995_2126696457350566_4873234906685112320_n.jpg,https://www.instagram.com/p/BpyKv3BliLe/
2,instagram/44577668_766078650405561_4451950106220689986_n.jpg,https://www.instagram.com/p/BpxDCiwleEh/
3,instagram/44788538_2152041181713027_4210356880463507838_n.jpg,https://www.instagram.com/p/Bpvy-jchrmW/
4,instagram/43252091_200699007492265_7110624753867648368_n.jpg,https://www.instagram.com/p/Bputj_kgMR7/
5,instagram/42731694_640960266305698_8418630002179886881_n.jpg,https://www.instagram.com/p/Bpuw6zUnwBq/
6,instagram/43778257_573673389729538_633770065287088783_n.jpg,https://www.instagram.com/p/BpufaS1nvRD/
7,instagram/43984515_2170503122983425_620814744351351190_n.jpg,https://www.instagram.com/p/BpuJ8x2n0F2/
8,instagram/44759636_1372548179547612_7361074404485766158_n.jpg,https://www.instagram.com/p/BpuNsOvnXod/
9,instagram/42683381_1659737957523082_8330521329886486704_n.jpg,https://www.instagram.com/p/BptYECABLnp/
10,instagram/41726966_1003939193112331_5239719320791721264_n.jpg,https://www.instagram.com/p/BpsCVgMFORh/
